Author Sample,TopHat,Washington University,AACRAO,Overlap
module,Ability Grouping,Active Learning,Absence,curriculum
curriculum,Above-Level Testing,Asynchronous Instruction,Academic Advising,attendance
publication,Absolute Grading,Authentic Assessment,Academic Advisor,internship
attendance,Academic Achievement,Backwards Design,Academic Calendar,course
internship,Academic Advisor,Blended or Hybrid Course,Academic Catalog,seminar
course,Academic Affairs,Bloom’s Taxonomy,Academic Dishonesty,professional development
workshop,Academic Benchmarks,Classroom Assessment Techniques (CATs),Academic Operations,academic advisor
research project,Academic Burnout,Classroom Climate,Academic Probation,academic calendar
teaching,Academic Calendar,Cognitive Load,Academic program,academic probation
seminar,Academic Freedom,Collaborative Learning,Academic program,accreditation
summer,Academic Hold,Constructivism,Academic Standing,active learning
semester,Academic Leadership,Culturally Responsive Pedagogy,Academic transcript,authentic assessment
research rotation,Academic Literacy, Experiential Learning,Academic Year,concept map
coursework,Academic Press,Fixed Mindset,Academic-year scheduling,culturally responsive pedagogy
advisor,Academic Probation, Flipped Classroom,Accreditation,dissertation
lecture,Academic Rigor,Formative Assessment,"Accreditation, Criteria For",experiential learning
lab,Accelerated Learning,Growth Mindset,Accreditation Agency or Association,fixed mindset
center,Accreditation,Hidden Curriculum,"Action, Disciplinary",flipped classroom
institute,Accuplacer,Inclusive Teaching,"Admission, Direct",formative assessment
research experience ,Achievement Gap,Inquiry-Based Learning,"Admission, Early Action",general education courses
partnership ,Achievement Test, Learning Management System (LMS),"Admission, Early Decision",growth mindset
seminar,Acquisition Learning,Learning Objective/Learning Goal/Learning Outcome,"Admission, Institutional-Selective",hidden curriculum
retreat,Action Learning Sets,Metacognition,"Admission, Melt",inquiry-based learning
internship,Action Research,Motivation,"Admission, Open",pedagogy
professional development,Active Learning,Object-Based Learning (OBL),"Admission, Program Selective",problem-based learning
,Adaptive Learning,Pedagogy,Admissions Criteria,project-based learning
,Adjunct Professor,Problem-Based Learning,Admission Interview,student engagement
,Administrative Hold,Project-Based Learning,Adult Education,summative assessment
,Affective Domain, Scaffolding,Adult Learner,syllabus
,Agile Learning, Scholarship of Teaching and Learning (SoTL),Advanced Placement (AP),synchronous learning
,AI in Education,Social Belonging,Alternative credentials,transcript
,APA Format, Summative Assessment,Articulation,academic program
,Appreciative Inquiry,Stereotype Threat,Assistantship,
,Assessment Plan,Student-centered teaching,Attendance,
,Assessment Tools, Student Engagement,"Average, Grade-Point",
,Associate Dean,Synchronous instruction,Bachelor's Degree,
,Associate Professor, Teaching Development Plan (TDP),Badge,
,Associate Provost,Threshold Concept,Block Registration/Enrollment,
,Asynchronous Learning,Transfer,Branch Campus,
,At Risk Student,Transparent Assignment Design,Bulletin,
,Authentic Assessment, Zone of Proximal Development (ZPD),"Campus, Branch",
,Backchannel,,Carnegie Unit,
,Backward Design,,Catalog,
,Backwards Mapping,,Catalog Number,
,Balanced Assessment,,Census Date,
,Behavior Intervention,,Certificate,
,Behavior Management,,Certificate of High School Equivalency,
,Blended Learning,,Certification,
,Block Scheduling,,Class,
,Bloom's Taxonomy,,Class Registration,
,Brainstorming Challenge,,Class Standing,
,Bursar's Office,,Class-Schedule Building,
,BYOD,,Classroom-Space Management,
,BYOT,,Clock Hour,
,Canvas,,Commencement,
,Capstone Course,,"Committee, Academic Standing",
,Catalog Year,,Competency,
,Center for Teaching and Learning,,Completion processing,
,Certificate Program,,Comprehensive Learner Record,
,Class Constitution,,Concurrent Enrollment,
,Class Schedule,,Consultative Decision-Making,
,Classroom Assessment Techniques,,Continuing Education Units,
,Classroom Management,,Coopoerative Plan or Program,
,Co-Teaching,,Correspondence-Education Course,
,Cognitive Apprenticeship,,Correspondence-Education Program,
,Cognitive Bias,,Corequisite,
,Cognitive Development Theory,,Course,
,Cognitive Domain,,"Course, Audit",
,Collaborative Classroom,,"Course, Corequisite",
,Collaborative Inquiry,,"Course, Honors",
,Collaborative Learning Theory,,"Course, NonCredit",
,Collaborative Pedagogy,,"Course, Remedial",
,Collaborative Summaries,,"Course, Pass/Fail",
,College Remediation,,"Course, Detail",
,College Transfer,,Course-Learning Outcomes (CLOs),
,Common Assessment,,Course Number,
,Comprehension Check,,Course Prerequisite,
,Concept Map,,Course Repeat,
,Concept Map,,Course Title,
,Connected Learning,,Credential,
,Constructivist Pedagogy,,Credential Audit,
,Cooperative Learning,,"Credit, Military Service",
,Course Catalog,,"Credit, Resident",
,Course Delivery Method,,"Credit, Transfer",
,Course Evaluation,,Credit by Examination,
,Course Management System,,Credit Conversion,
,Course Syllabus,,Credit Hour,
,Critical Literacy,,Credit For Prior Learning,
,Critical Pedagogy,,Curriculum,
,Critical Thinking,,Curriculum Management,
,Crystallized Intelligence,,Curriculum Sunsetting,
,Culturally Responsive Pedagogy,,Deans List,
,Culture of Learning,,Deficiency,
,Cumulative Exam,,"Deficiency, Removal Of",
,Curriculum,,Degree,
,Curriculum Design,,Degree Audit,
,Curriculum Development,,Degree with Distinction,
,Curriculum Mapping,,"Degree, Advanced",
,Data-Driven Instruction,,"Degree, Honorary",
,Dean,,Departmental Registration,
,Deductive Learning,,Digital Credential,
,Deeper Learning,,Digital Record,
,Deferred Admissions,,Digital Standard,
,Department Chair,,Digital Wallet,
,Design Thinking,,Diploma,
,Diagnostic Assessment,,Diploma Mill,
,Diagnostic Teaching,,Dissertation,
,Differentiated Instruction,,Distributed Decision-Making,
,Digital Classroom,,Dynamic Class Schedule,
,Digital Humanities,,Education Plan,
,Digital Natives,,Educational Certificate,
,Digital Storytelling,,Elective,
,Digital Textbook,,Family Education Rights and Privacy Act (FERPA),
,Direct Instruction,,Fully Collaborative Decision Making,
,Disaggregated Data,,Graduate Outcomes,
,Discourse Community,,Incremental Credential,
,Dissertation,,Institutional-Learning Outcomes (ILOs),
,Distance Learning,,Joint-Services Transcript (JST),
,Drop a Class,,Learner,
,Dual Enrollment,,Learner Handbook,
,Dynamic Textbook,,Learning-and-Employment Record (LER),
,E-Learning,,Major,
,E-Literate,,Minor,
,E-Refund,,Mastery Transcript,
,E-Text,,Microcredential,
,Early Alert,,Modality of Instruction,
,Education Reform,,Nanodegree,
,Education Research,,Outcomes,
,Education System,,Prerequisite,
,Educational Psychology,,Prior-Learning Assessment (PLA),
,Educational Technology,,Program,
,ELL Students,,Program Closeout,
,Emotional Intelligence,,Program Inactivation,
,Entry/Exit Ticket,,Program-Learning Outcomes (PLO),
,Equitable Pedagogy,,Registrar,
,Equity in Education,,Section,
,Evidence-Based Learning,,Self-Service Registration,
,Exit Exam,,Shared Governance,
,Experiential Learning,,Stackable Credentials,
,Experiential Learning,,Student-Information System,
,Extracurricular,,Student-Learning Outcomes (SLOs),
,Extrinsic Motivation,,Substantive Change,
,Face-to-Face Learning,,Syllabus,
,FAFSA,,Teachout,
,FERPA,,Term,
,Final Assessment,,Transcript,
,Finals Week,,Verification,
,Financial Aid,,Verifiable Credential,
,Financial Hold,,,
,First-Generation Student,,,
,Fishbowl,,,
,Fixed Mindset,,,
,Flexible Learning,,,
,Flipped Classroom,,,
,Fluid Intelligence,,,
,Formative Assessment,,,
,Four Corners,,,
,Free-Rider Problem,,,
,Game Based Learning,,,
,Gamification,,,
,General Education Courses,,,
,General Education Courses,,,
,GPA,,,
,Grading on a Curve,,,
,Graduate Application,,,
,Graduate School,,,
,Graduation Rate,,,
,Grants,,,
,Group Work,,,
,Growth Mindset,,,
,Habits of Mind,,,
,Hands-on Learning,,,
,Hard Skills,,,
,Heterogeneous Grouping,,,
,Hidden Curriculum,,,
,High-Order Thinking Skills,,,
,High-Stakes Testing,,,
,Hybrid Class,,,
,Hybrid Instruction,,,
,Hybrid Learning,,,
,HyFlex Courses,,,
,HyFlex Model,,,
,HyFlex Teaching,,,
,Hyperfixation,,,
,Inclusion in Education,,,
,Inclusive Classroom,,,
,Independent Study,,,
,Indirect Instruction,,,
,Individualized Instruction,,,
,Informal Learning,,,
,Information and Communication Technologies,,,
,Information Literacy,,,
,Inquiry-Based Learning,,,
,Instructional Design,,,
,Instructional Theory,,,
,Instructor,,,
,Integrative Learning,,,
,Interactive Textbook,,,
,Interactive Whiteboard,,,
,Interdisciplinary Teaching,,,
,Interim Assessment,,,
,Internship,,,
,Intrinsic Motivation,,,
,Just In Time Teaching (JITT),,,
,Kinesthetic Learning,,,
,Knowledge Transfer,,,
,Knowledge Visualization,,,
,Lab Course,,,
,Learner Characteristics,,,
,Learner-Centered Curriculum Design,,,
,Learning Accommodations,,,
,Learning Analytics,,,
,Learning by Teaching,,,
,Learning Commons,,,
,Learning Community,,,
,Learning Environment,,,
,Learning Experience,,,
,Learning Glass,,,
,Learning Goals,,,
,Learning Materials,,,
,Learning Outcomes,,,
,Learning Strategies,,,
,Learning Style,,,
,Learning Technology,,,
,Lecture Capture,,,
,Lecture Tools,,,
,Lecturer,,,
,Lesson Plan,,,
,Librarian,,,
,LMS,,,
,Locus of Control,,,
,Low-Stakes Testing,,,
,Howard Gardner’s Theory on Multiple Intelligences,,,
,Maslow Before Bloom,,,
,Maslow's Hierarchy of Needs,,,
,Mastery Learning,,,
,Matriculation,,,
,Media Literacy,,,
,Memorization Techniques,,,
,Metacognition in the Classroom,,,
,Microaggression,,,
,Mid-term,,,
,Minor Degree,,,
,Minute Paper,,,
,MOOC,,,
,Muddiest Point,,,
,Multicultural Education,,,
,Multiple Measures,,,
,Networked Learning,,,
,Neurodivergent,,,
,Neurodiversity,,,
,Neurotypical,,,
,Norm-Referenced Assessment,,,
,Norm-Referenced Test,,,
,OER,,,
,Office Hours,,,
,One Minute Quiz,,,
,Online Class,,,
,Online Instruction,,,
,Online Learning,,,
,Online Lecture,,,
,Open Classroom,,,
,Open Curriculum,,,
,Opportunity Gap,,,
,Partial Outlines,,,
,Pausing in Lecture,,,
,Pedagogical Knowledge,,,
,Pedagogical Skills,,,
,Pedagogy,,,
,Peer Review,,,
,Performance Assessment,,,
,Personalized Learning,,,
,PhD,,,
,Philosophy of Education,,,
,Philosophy of Teaching,,,
,Piaget Stages of Development,,,
,Plagiarism,,,
,Posters and gallery walk,,,
,Postsecondary Education,,,
,Power Standards,,,
,Prerequisite Course,,,
,Prior Knowledge,,,
,Problem-based learning,,,
,Problem-Centered Curriculum Design,,,
,Proctor,,,
,Proctored Test,,,
,Professional Development,,,
,Professor,,,
,Programmed Instruction,,,
,Project-Based Learning,,,
,Provost,,,
,Public Scholarship,,,
,Quick Write,,,
,Quiz,,,
,Reflective Essay,,,
,Reflective Pedagogy,,,
,Reflective Practice,,,
,Relative Grading,,,
,Remote Classrooms,,,
,Remote Learning,,,
,Remote Proctoring,,,
,Remote Teaching,,,
,Remote Testing,,,
,Resilient Pedagogy,,,
,Resume,,,
,Retrieval Practice,,,
,Revised Bloom’s Taxonomy,,,
,Rote Learning,,,
,Rote Memory,,,
,Rubric,,,
,Sage on the Stage,,,
,Scaffolding in Education,,,
,Scantron,,,
,Scholarship of Teaching and Learning,,,
,Scientific Inquiry,,,
,Scope and Sequence,,,
,SCORM,,,
,Self-Paced Learning,,,
,Self-Plagiarism,,,
,Senior Lecturer,,,
,Service Learning,,,
,Social Emotional Competencies,,,
,Social Emotional Learning,,,
,Social Learning,,,
,Social Loafing,,,
,Social Pedagogy,,,
,Social Responsibility,,,
,Socratic Method,,,
,Socratic Questioning,,,
,Soft Skills,,,
,SoTL,,,
,Standardized Test,,,
,STEM,,,
,Student Achievement,,,
,Student Affairs,,,
,Student Centered Learning,,,
,Student Debt,,,
,Student Empowerment,,,
,Student Engagement,,,
,Student Enrollment,,,
,Student Identification,,,
,Student Orientation,,,
,Student Response System,,,
,Student Success,,,
,Subject-Centered Curriculum Design,,,
,Summative Assessment,,,
,Supplemental Instruction,,,
,Syllabus,,,
,Synchronous Learning,,,
,Synchronous Learning,,,
,Synchronous Online Learning,,,
,Synchronous Online Learning Tools,,,
,Synchronous Online Teaching,,,
,Synchronous Sessions,,,
,Synthesizing Information,,,
,Tacit Knowledge,,,
,Teaching Assistant,,,
,Teaching Philosophy Statement,,,
,Teaching Strategies,,,
,Teaching Styles,,,
,Team-Based Learning,,,
,Technology Literacy,,,
,Tenure,,,
,Tertiary Education,,,
,Think Aloud,,,
,Think-Pair-Share,,,
,Traditional Classroom,,,
,Transcript,,,
,Transfer Admission Guarantee,,,
,Transfer Articulation,,,
,Transfer Credit,,,
,Tuition,,,
,Turn and Talk,,,
,Twenty-first Century Learning,,,
,Understanding By Design,,,
,Universal Design,,,
,Universal Design for Learning,,,
,University,,,
,University Commencement,,,
,University Convocation,,,
,Unofficial Withdrawal,,,
,Urban Education,,,
,Value Added Measures,,,
,Value-Added Learning,,,
,"Vice-Provost, Academic",,,
,Virtual Classroom,,,
,Virtual Instruction,,,
,Virtual Learning Environment,,,
,Vision Statement for Education,,,
,Visual Learning,,,
,Visual Prompt,,,
,Visual Thinking,,,
,Vocational Education,,,
,Web-Enhanced Classes,,,
,Weighted Grades,,,
,What’s Missing?,,,
,Work-Life Balance,,,
,Workplace Readiness,,,
,Writing for an Audience,,,
,X-axis,,,
,Y-axis,,,
,Yearbook,,,
,Zero-Tolerance Policy,,,
,Zoom Classroom,,,